Random Forest Regressor,DecisionTree,Xgboost,Lasso,ANN_base_lr0.1_beta0.1-0.0-0.0-None_hidden16-8-4-None,ANN_lr0.1_beta0.1-0.05-0.0-0.0_hidden76-48-32-16,ANN_lr0.05_beta0.005-0.1-0.05-0.0_hidden8-32-16-8,ANN_lr0.1_beta0.1-0.0-0.0-0.0_hidden16-8-4-2,ANN_lr0.1_beta0.1-None-None-None_hidden16-None-None-None,ANN_lr0.1_beta0-None-None-None_hidden1-None-None-None,ANN_lr0.1_beta0-None-None-None_hidden2-None-None-None
11.801514262246588,11.736069016284437,11.904219,11.849154056004004,11.843672,11.834171,11.858927,11.845048,11.840066,11.849516,11.869591
11.997287530277298,11.99535161421452,11.983731,11.991169393075321,11.99787,12.011194,11.976433,12.013197,11.992541,11.974088,11.965761
11.451820267058682,11.44571671527678,11.372368,11.387912835929663,11.407946,11.415212,11.426724,11.430886,11.406339,11.4457035,11.478313
11.783532384033773,11.630708500626612,11.784264,11.773393043529296,11.7865505,11.802142,11.801672,11.801601,11.78512,11.783693,11.797073
12.514418012879744,12.495003937382387,12.601748,12.598210082179989,12.635718,12.627578,12.5821495,12.622335,12.5965,12.677652,12.6668415
12.036023685815131,12.24288661865289,11.89889,11.866816113632964,11.846189,11.826987,11.859224,11.84933,11.8363905,11.796652,11.812848
12.12849883867381,12.069680020624618,12.184285,12.17623379201913,12.175321,12.181771,12.1969,12.185686,12.187703,12.22678,12.222738
11.734247070478778,11.813030057420567,11.771112,11.741284180357438,11.746527,11.742818,11.710514,11.75549,11.733714,11.7575,11.767091
11.89802577268962,11.951180395901384,11.860514,11.860613598964363,11.850464,11.835125,11.828012,11.865312,11.842254,11.840837,11.849681
11.892338122057932,11.782952602183288,11.772042,11.719521462996155,11.805146,11.82525,11.736142,11.770055,11.759341,11.685817,11.68128
12.185753328674771,12.182804018590819,12.204594,12.228950528953632,12.198248,12.197841,12.207899,12.237559,12.204161,12.112604,12.623812
11.687664169868286,11.607326140391713,11.672158,11.610526552591052,11.626459,11.657334,11.616882,11.621916,11.612935,11.595413,11.606337
11.806664740719901,11.719939634354555,11.800984,11.776687942028389,11.773625,11.771492,11.76256,11.773206,11.764163,11.813757,11.8230295
11.847838371533358,11.923378114589433,11.834628,11.840922466916352,11.841839,11.832986,11.8266,11.832903,11.831834,11.859868,11.867006
11.478965221994285,11.44571671527678,11.450896,11.562530456847304,11.592298,11.616078,11.515764,11.507994,11.579146,11.604492,11.618193
12.151562869717475,12.239990863733635,12.238649,12.387515310825417,12.3607025,12.306578,12.336176,12.335196,12.372038,12.335802,12.32459
12.234324994235466,12.206072645530174,12.356335,12.259875664010929,12.278349,12.267739,12.269142,12.278236,12.281053,12.269152,12.253037
11.545301738174093,11.56171562913966,11.499199,11.567378753853596,11.562111,11.61845,11.553379,11.595595,11.564307,11.413287,11.401417
12.099833990864955,12.077670930725649,12.124207,12.063431895460688,12.062234,12.083102,12.055875,12.0558815,12.05403,12.040412,12.033623
12.927395704892872,12.988040814744458,12.920725,13.009308798407641,13.044277,12.990436,12.99361,13.058876,12.997279,12.970084,12.945858
12.573273618011283,12.491251587763836,12.599843,12.575826717827756,12.526752,12.529196,12.57048,12.565463,12.568001,12.573149,12.553606
11.581850274237828,11.112447898373103,11.572478,11.571006491368049,11.621112,11.68833,11.623852,11.6170225,11.600664,11.573257,11.583754
11.788832990361845,11.608235644774552,11.707479,11.684302290787642,11.715878,11.736469,11.687299,11.7246685,11.686065,11.576185,11.571748
11.53000011929552,11.418614785498987,11.537985,11.544347764666757,11.553509,11.642579,11.545202,11.588819,11.528285,11.429332,11.439398
11.719477555653478,11.699405031912846,11.656155,11.600513474598657,11.610883,11.661607,11.587109,11.637683,11.59325,11.611465,11.626046
12.09277303321379,11.870599909242044,12.216089,12.206050191644136,12.197876,12.2012825,12.184639,12.232401,12.196607,12.646738,12.714826
12.041613808636617,12.46651198158808,12.219427,12.167695004571472,12.169779,12.152839,12.18605,12.200631,12.169491,12.254646,12.286584
11.731653216813532,11.809319478024031,11.728493,11.674389497745905,11.696468,11.708072,11.663443,11.697794,11.675121,11.595923,11.592632
11.764497118117834,11.898187865760873,11.74913,11.723734633166703,11.715998,11.74544,11.7048435,11.719915,11.710066,11.711224,11.717238
13.012393176958414,13.521139497361697,13.039298,13.058106996456242,13.099466,13.054164,13.039591,13.119734,13.045864,13.106202,13.077426
11.8758265092849,11.863582336583399,11.835235,12.007148309533482,12.040961,12.001595,12.013919,12.021175,12.016949,11.969044,11.9677925
12.303748217416068,12.299107511497363,12.345668,12.342710267597251,12.331125,12.341326,12.334143,12.334668,12.338401,12.280636,12.259227
11.932291933363267,11.790557201568507,11.949252,11.88349177277308,11.893849,11.879989,11.877819,11.873589,11.885833,11.943526,11.96998
12.18856050015731,12.20856952572876,12.218807,12.2875599653305,12.273765,12.24005,12.259926,12.258601,12.276652,12.244195,12.238209
11.489191995228333,11.37366339763672,11.531324,11.506424691124346,11.52002,11.572259,11.529924,11.470806,11.519613,11.521774,11.540014
11.716706287185808,11.763684183317412,11.696845,11.626151104508676,11.629494,11.664326,11.630196,11.653904,11.6147785,11.6479,11.660715
12.270298541429973,12.8790171187726,12.23285,12.27709985271706,12.270361,12.258534,12.262065,12.266948,12.273256,12.279461,12.271843
12.470405451845686,12.528156144699286,12.497691,12.54052588604796,12.4946575,12.479032,12.504468,12.534559,12.501494,12.536653,12.529214
11.619031072253856,11.56171562913966,11.633781,11.658219568121758,11.654618,11.650482,11.638296,11.671557,11.653142,11.66978,11.688398
11.33594201929751,11.385092093460344,11.2751045,11.235134315286139,11.308692,11.2521715,11.238182,11.26837,11.282805,11.311512,11.333843
11.783674998221422,11.736069016284437,11.707572,11.721596163403618,11.743357,11.745317,11.721987,11.752047,11.720562,11.652348,11.662846
12.158451981201862,11.870599909242044,12.242003,12.29245603482442,12.327815,12.34299,12.315724,12.3191595,12.32656,12.196419,12.161692
11.873767814105335,11.870271183889114,11.769594,11.7462942321992,11.7624445,11.742216,11.720497,11.759629,11.742458,11.704286,11.723265
11.836019101956147,11.76756768334381,11.857357,11.818813585271434,11.8461685,11.832548,11.81743,11.827027,11.8289175,11.811919,11.81284
12.015876138556267,12.128111104060462,12.116629,12.099017242277736,12.118676,12.099376,12.092238,12.105351,12.111116,12.265416,12.283395
11.885490423610948,12.46651198158808,11.973656,11.933191493892245,11.962041,11.959138,12.017318,12.015144,11.9481,11.913745,11.925829
12.58526059087283,12.858319703517948,12.575343,12.451272369747908,12.416317,12.44303,12.438297,12.430693,12.430029,12.426247,12.407967
12.654530902652198,12.662706040212738,12.6678705,12.605668095177647,12.576891,12.590573,12.578125,12.610291,12.58154,12.573279,12.545434
12.880012311231114,12.799175708864519,13.128659,13.094913448726079,13.194749,13.1295595,13.112518,13.222845,13.106184,13.184385,13.153217
12.49270433006253,12.57418196709457,12.467583,12.438437200990796,12.4761,12.476887,12.469532,12.458781,12.477872,12.399273,12.356525
12.360279262512732,12.556729517143344,12.387687,12.387627190807619,12.412646,12.415729,12.382385,12.384015,12.408571,12.325175,12.296958
11.629626611727748,11.512925464970229,11.550046,11.558273836708345,11.589194,11.653457,11.6031065,11.623633,11.5722065,11.522984,11.527834
11.951327412373479,11.819674600139235,12.01782,12.080043114779835,12.113643,12.086906,12.082871,12.084367,12.104129,12.026515,12.013291
12.058621731203937,11.951180395901384,11.859852,11.748412231362986,11.798812,11.847408,11.793314,11.817854,11.778015,11.7853775,11.7716465
12.883516017359863,13.053013299269535,12.9159,12.836507000218415,12.862671,12.837476,12.847073,12.893228,12.844495,12.878437,12.852904
12.331268200423985,12.185869938212655,12.344801,12.523764142757562,12.43878,12.482304,12.510002,12.501698,12.493414,12.594137,12.5914545
12.603402366764687,12.421184025147118,12.595325,12.62210100332787,12.622842,12.63892,12.611957,12.622942,12.617419,12.59723,12.571741
11.695855900958158,11.56171562913966,11.680078,11.708545901744221,11.747495,11.761763,11.759037,11.719405,11.728818,11.647305,11.648066
12.077300056801423,12.239990863733635,12.150387,12.232795399019178,12.21271,12.1692095,12.204706,12.205019,12.209249,12.207375,12.202891
11.801951954497714,11.946654038351252,11.624945,11.733802205331623,11.747518,11.736072,11.7617,11.790867,11.751685,11.7276325,11.740988
11.98734902748492,12.128111104060462,11.953546,11.986385442754537,11.998467,11.989981,11.99355,12.002579,11.991909,11.936102,11.934935
11.704952891482854,11.763684183317412,11.678484,11.801174259727249,11.838631,11.816886,11.821943,11.828326,11.815826,11.843472,11.85241
11.599511515401892,11.67419361256635,11.594962,11.54270398749953,11.581054,11.680398,11.567915,11.62762,11.549165,11.514517,11.511544
12.571721902999744,12.560244459250788,12.640878,12.52450975577673,12.480654,12.482295,12.502315,12.49209,12.506148,12.472389,12.452488
11.703631416240116,11.512925464970229,11.74852,11.68083051322926,11.681789,11.70638,11.645539,11.721456,11.663664,11.9972,12.068357
12.71322643511076,12.676076274775909,12.762729,12.81212410527407,12.794889,12.788862,12.793553,12.803851,12.785293,12.8043785,12.787305
12.556644298306434,12.560244459250788,12.486464,12.533492960020771,12.450379,12.428018,12.4805975,12.472784,12.480976,12.501526,12.496992
12.489739686243126,12.631013530138995,12.566924,12.509194922774114,12.471665,12.485505,12.495288,12.517955,12.499599,12.529072,12.523667
11.902348388153712,11.911701584927597,11.92907,12.12665133871413,12.067276,12.050491,12.050002,12.036229,12.099875,12.212035,12.17541
11.797235351617028,11.747997587149712,11.768511,11.705754517643738,11.718289,11.735008,11.706194,11.751665,11.705012,11.706997,11.720333
11.732280817097552,11.608235644774552,11.771271,11.80298772723313,11.7727995,11.771736,11.776942,11.793769,11.785593,11.913135,11.937815
12.18198255195787,11.951180395901384,12.293424,12.254742471745494,12.239418,12.2646265,12.243753,12.335632,12.265111,12.443145,12.463497
11.509240256592411,11.385092093460344,11.427251,11.44429761602707,11.469793,11.405723,11.485196,11.499951,11.450473,11.446322,11.473473
11.935556623767507,12.097930486910471,11.94922,11.962729898328282,11.992413,11.981501,11.994452,11.984718,11.98165,12.035083,12.049594
12.807413898046194,12.691580461311874,12.86005,12.922715007239761,12.905694,12.889838,12.880683,12.943897,12.888163,12.934369,12.918494
12.040387890823425,12.007560729337492,12.00079,12.020106249469112,12.007832,12.022953,12.002128,12.008076,12.004941,11.980677,11.971736
12.281796665736469,12.46997418931655,12.328708,12.415516488436287,12.428801,12.437416,12.417352,12.436912,12.431377,12.36658,12.342156
12.01152630834447,11.944707881395766,12.086617,12.11420505350495,12.088688,12.121175,12.100888,12.11025,12.088859,12.021364,12.011881
12.242661917600442,12.422505731952896,12.289384,12.338872111531542,12.330924,12.37066,12.348307,12.354068,12.352131,12.334885,12.31806
12.344283243725796,12.577636201962656,12.417971,12.349722165663621,12.345783,12.345403,12.342375,12.342466,12.348425,12.339317,12.329017
12.149596899199032,12.229545001715316,12.206759,12.255124119237339,12.219527,12.196515,12.218933,12.221712,12.232045,12.247564,12.238967
11.8032620827841,11.951180395901384,11.810066,11.80558089394248,11.81609,11.822251,11.814696,11.822449,11.812718,11.782881,11.7826185
12.39599093263718,12.332705296463539,12.475598,12.434679256746957,12.424316,12.430835,12.429693,12.447038,12.419928,12.453618,12.438251
12.340805752769734,12.308177868467327,12.292554,12.318666981762084,12.291789,12.315459,12.3246355,12.322598,12.310816,12.2941265,12.272913
12.118899555023123,11.870599909242044,12.118644,12.171673629082362,12.165424,12.163641,12.168074,12.176356,12.169556,12.165591,12.163587
11.825556428093906,11.863582336583399,11.803815,11.795291068813269,11.807906,11.7991905,11.795111,11.83542,11.800851,11.822192,11.830357
11.775466632090335,11.94405831982697,11.842099,11.845146435050653,11.880477,11.857784,11.8409,11.866255,11.865418,11.914267,11.927803
11.930573823077433,11.870599909242044,11.903114,11.93720847563232,11.939429,11.942077,11.952823,11.954041,11.944644,11.921854,11.921724
11.943287417342015,11.917723684090689,12.017759,11.971352856075272,11.971394,11.974954,11.959838,11.975885,11.9687805,11.971418,11.970313
11.542662235405755,11.498826540590727,11.560126,11.47436125288633,11.476584,11.47675,11.43984,11.437857,11.4693775,11.474861,11.494083
12.523153762892678,12.301382825334498,12.635387,12.579243440083742,12.537546,12.52341,12.539965,12.590332,12.553419,12.426043,12.93445
11.877201831890169,11.931635799828413,11.829108,11.84908387443686,11.861841,11.871202,11.861401,11.850619,11.848013,11.786937,11.793666
11.656827038123481,11.37366339763672,11.66682,11.731585418314793,11.803805,11.788596,11.760847,11.776666,11.77666,11.690302,11.682686
12.485034619334643,12.43320821811392,12.485235,12.480318838982877,12.454751,12.4374275,12.452276,12.45831,12.469758,12.493081,12.477138
12.703382246023253,12.662706040212738,12.904952,12.806962203468649,12.756452,12.768668,12.773445,12.772466,12.769986,12.820985,12.811113
11.476830580046474,11.512925464970229,11.510983,11.514478481148153,11.514891,11.492418,11.508899,11.523008,11.507979,11.4865675,11.498927
12.553026976866665,12.577636201962656,12.555762,12.535078896133731,12.511077,12.524081,12.516515,12.549902,12.525885,12.514885,12.501297
11.952442836344616,11.719126295554126,11.947653,12.067022844613561,12.035382,12.038485,12.038843,12.076868,12.041281,11.962019,11.951101
12.041524184500364,11.970350312009105,12.019994,12.01191104867362,12.011226,12.022112,12.012903,12.035185,11.999285,12.019623,12.016967
11.721856245153836,11.763684183317412,11.646756,11.634639236444643,11.682422,11.690642,11.657958,11.683094,11.669187,11.73785,11.751376
12.302075137475851,12.323633409566982,12.203808,12.153194929093766,12.162163,12.163658,12.166382,12.17517,12.156568,12.173551,12.173521
12.160994515417206,12.14950229404178,12.163131,12.155710710190835,12.166364,12.159772,12.157938,12.155914,12.149569,12.158838,12.14948
12.174051074755825,12.271392111650817,12.1699295,12.197931037409536,12.176813,12.182943,12.18771,12.20329,12.185156,12.169226,12.15737
11.653388538406844,11.794337924408413,11.6142845,11.603493080817927,11.6328745,11.648692,11.618441,11.626155,11.625625,11.629776,11.644447
12.029038549054963,12.185869938212655,11.9306965,11.959919338357453,11.943281,11.962408,11.962269,11.993976,11.93968,11.94357,11.934451
12.119288175114942,12.004568269319446,12.105945,12.114803656533528,12.125709,12.108731,12.117215,12.120842,12.1167755,12.085725,12.08007
12.107423879897013,12.193493863323313,12.167841,12.184279792811466,12.199263,12.178438,12.160707,12.184063,12.185368,12.180951,12.164979
12.267110352401302,12.577636201962656,12.291584,12.299979314796612,12.299733,12.302767,12.301132,12.281171,12.294434,12.289344,12.274981
11.947562366592406,11.870599909242044,12.002324,11.89336237847595,11.920547,11.919952,11.945595,11.911733,11.895983,11.871217,11.870411
12.454823006251791,12.387085012375499,12.384086,12.37541055737623,12.365841,12.354162,12.3600445,12.35758,12.371974,12.361464,12.34679
11.559674973366276,11.842229212112828,11.566525,11.648788215555205,11.656097,11.643709,11.625146,11.667294,11.657147,11.684715,11.702511
12.048188620364582,12.154647754879198,11.922095,11.850024326414797,11.885146,11.859982,11.874108,11.875308,11.868244,11.859867,11.86871
12.3171947759437,12.273731294003989,12.301619,12.26061353805733,12.257909,12.240238,12.2515,12.251677,12.252388,12.25534,12.241069
11.763851889906894,11.951180395901384,11.703925,11.64752722373253,11.665838,11.687638,11.674969,11.700175,11.645237,11.6968975,11.725919
11.722662522762613,11.76756768334381,11.692528,11.719893751924717,11.744912,11.759429,11.743,11.759,11.730016,11.700582,11.704771
11.609144087908966,11.669929213779893,11.6040125,11.674494302331277,11.659123,11.674568,11.6794815,11.678492,11.65127,11.692511,11.722123
12.595865296513765,12.301382825334498,12.626963,12.630635370189342,12.605425,12.6239605,12.631816,12.619364,12.6242695,12.631933,12.6146755
12.069898331700037,11.99535161421452,12.0669365,12.22472059572074,12.239504,12.254263,12.22934,12.244235,12.238925,12.196745,12.176569
12.54117484745009,12.526342907575106,12.559045,12.59961950912151,12.586864,12.60515,12.607426,12.594276,12.602207,12.616728,12.593329
11.843506370125166,11.951180395901384,11.825443,11.88194356135924,11.886713,11.884073,11.853251,11.874134,11.875355,11.867376,11.86705
11.803074015236438,11.699405031912846,11.842341,11.85673482228981,11.892474,11.894986,11.880512,11.899591,11.878229,11.89581,11.889582
11.47131300589045,10.542706391070517,11.37037,11.330734537265855,11.378662,11.343851,11.322516,11.406387,11.355503,11.274531,11.296155
11.323210110456092,11.512925464970229,11.216048,11.293639394655564,11.312217,11.309169,11.260564,11.285145,11.296336,11.239777,11.263383
11.210053135313732,11.44571671527678,10.993433,10.720856448267526,10.924,10.789481,10.98512,10.76626,10.8715725,10.696538,10.688002
11.266018468087195,11.238488619268468,11.256323,10.971021586687188,11.0349045,10.839889,11.070396,11.061358,11.008517,11.012159,11.047932
12.11187559462698,12.138863895836725,12.109448,12.167020042567234,12.1676035,12.170923,12.166032,12.203741,12.170717,12.173151,12.163782
11.693725481969919,11.805595078933049,11.662155,11.688580477381764,11.709579,11.73149,11.717995,11.672834,11.701157,11.689264,11.698491
12.535162150814449,12.524526376648708,12.609415,12.56184750964081,12.596344,12.589798,12.587214,12.567521,12.596083,12.603534,12.578571
12.412763617641724,12.506177237980511,12.318156,12.335459482831126,12.335181,12.3723345,12.3413105,12.333666,12.334952,12.334478,12.322316
11.974025724813046,12.103486056755072,11.975236,12.052462121863874,12.043686,12.010666,12.022128,12.049142,12.0487995,12.176204,12.167025
12.675907180680381,12.560244459250788,12.715208,12.692266782782003,12.645989,12.648834,12.65928,12.69631,12.65138,12.748615,12.738199
11.852780117759433,11.957611286231675,11.840322,11.870538127466434,11.892363,11.883116,11.864942,11.872532,11.887468,11.83855,11.827707
12.198096616502806,12.283033686666302,12.231045,12.252856146668792,12.235072,12.244096,12.244489,12.243973,12.228097,12.288877,12.275495
12.433044327992468,12.332705296463539,12.502744,12.465384540657086,12.447554,12.464278,12.462397,12.462288,12.447436,12.478903,12.461624
12.151989930529068,12.345834587905333,12.272674,12.3566030246167,12.324434,12.320055,12.349094,12.358605,12.339469,12.27688,12.257004
12.167603666998417,12.053795210084596,12.156078,12.195576626255672,12.192177,12.193318,12.18288,12.196779,12.186789,12.161721,12.137108
11.880227328144151,11.951180395901384,11.914975,11.88089888837176,11.890463,11.87615,11.872888,11.8983755,11.881705,11.93865,11.954079
12.066483752354543,11.984178313616395,11.943311,11.874601621974623,11.884462,11.912791,11.952541,11.85322,11.878665,11.873548,11.88235
11.815255189315994,11.824079893607152,11.905485,11.875415932112233,11.825603,11.812502,11.850563,11.841427,11.838639,11.927195,11.948375
11.804514575630492,11.877568578558138,11.722373,11.762268464920618,11.73955,11.744696,11.734635,11.767971,11.735374,11.762743,11.772425
12.543958584439313,12.813917896253697,12.471125,12.623778870695805,12.557865,12.574969,12.593536,12.609971,12.600529,12.595551,12.579398
12.443063433499713,12.404923504275338,12.454826,12.360755760353229,12.344464,12.336563,12.350069,12.327468,12.354146,12.331942,12.317951
11.992347944063676,12.154779351142624,12.007361,12.031893912799072,12.038823,12.034949,12.026859,12.059295,12.03223,11.987827,11.975772
11.72812035232855,11.67419361256635,11.7093,11.621248452759524,11.662174,11.693896,11.646284,11.678499,11.644186,11.609918,11.610297
12.040622838439317,12.100712129872347,12.018899,12.054557546363318,12.071361,12.056228,12.055002,12.057857,12.060615,12.039339,12.029509
11.850609857744953,12.016726473799254,11.827651,11.767361933903594,11.809124,11.833337,11.758396,11.776759,11.783211,11.715786,11.715074
11.999833653376074,11.9891596439666,12.038899,12.046861321269242,12.0425205,12.063557,12.040898,12.029395,12.044274,12.026728,12.022041
12.510393216970423,12.495003937382387,12.602986,12.637696192661723,12.666119,12.7046175,12.638199,12.701556,12.665402,12.595768,12.279816
11.86736741219157,11.820410164718188,11.805164,11.88945789396115,11.938814,11.884523,11.845072,11.933005,11.910242,11.874028,11.875683
11.920741239082465,11.904967552746252,11.9778805,12.037060366062729,11.999045,11.9786215,11.995218,11.979697,12.003259,12.00879,12.001512
11.447951620431633,11.740061037553975,11.398014,11.46171802534759,11.480569,11.493895,11.513242,11.499884,11.461002,11.565846,11.594458
12.080193873404687,11.984178313616395,12.051698,12.036219435069684,12.047352,12.067596,12.047782,12.037384,12.035549,12.0845,12.085091
12.557802390433752,12.343466568968994,12.643118,12.553619722638807,12.569729,12.560855,12.5466175,12.529475,12.54906,12.575562,12.564404
12.096399259843267,12.165250651009918,12.140417,12.099441852827033,12.088632,12.094193,12.082679,12.087603,12.091511,12.097587,12.095953
12.45447725336585,12.666657052859417,12.402278,12.392922452696745,12.392943,12.390605,12.367528,12.429526,12.392419,12.365494,12.353825
11.416049751257017,11.456355113481834,11.388653,11.436275130946669,11.444274,11.402286,11.432862,11.447547,11.430558,11.387778,11.402691
12.234963408517443,12.141534124392603,12.218164,12.246394113879507,12.240052,12.220303,12.23102,12.227073,12.248669,12.267284,12.266006
11.688722409203118,11.790557201568507,11.684905,11.620519459090861,11.62374,11.691556,11.623853,11.691956,11.6175375,11.62221,11.650969
13.076633140232156,13.049792684569493,13.184898,13.166087005424195,13.180049,13.120959,13.109092,13.157267,13.1218605,13.201168,13.17779
11.892071182846651,11.931635799828413,11.890743,11.901635880390108,11.88984,11.877748,11.881975,11.892947,11.887822,11.887747,11.8928585
11.498578100932138,11.37366339763672,11.145371,11.323833323178162,11.356609,11.259429,11.291511,11.405071,11.337228,11.287862,11.267355
12.136750112807984,12.154779351142624,12.22772,12.166190081511314,12.161737,12.140738,12.150051,12.158203,12.155563,12.140396,12.130413
12.966815461311294,13.053013299269535,13.026887,12.975412359432827,12.973345,12.917738,12.952543,12.943702,12.944739,12.958305,12.930843
11.907825066065014,11.951180395901384,11.869682,11.919217097157413,11.935992,11.930098,11.922279,11.941169,11.923812,11.924812,11.920783
11.90487414727817,11.91638857040772,11.956063,12.031231426278309,12.04589,12.023139,12.052042,12.049045,12.0495405,12.068822,12.061679
11.769346231676973,11.76756768334381,11.7942505,11.758393278096152,11.77878,11.79063,11.744686,11.798059,11.757548,11.726141,11.72013
12.17492965870722,12.218495165528731,12.170767,12.241274820836766,12.241716,12.270509,12.254526,12.260371,12.252338,12.2413845,12.229596
11.563001695721521,11.812289042195847,11.540145,11.597034384599677,11.624611,11.655547,11.599362,11.627649,11.606168,11.573664,11.585524
11.566542745486029,11.686878772093667,11.502533,11.490243621379017,11.519882,11.4776535,11.49024,11.532739,11.480959,11.500894,11.53218
11.988880906101217,11.99535161421452,11.939612,12.014495841565246,11.986613,11.991686,11.992521,11.984644,12.002096,11.958275,11.947955
11.788723643196159,11.875830958659597,11.786859,11.78274103652034,11.805481,11.844867,11.8017235,11.795665,11.798181,11.787547,11.784962
12.127857693135443,12.239990863733635,12.167058,12.137687316626291,12.145682,12.145138,12.139384,12.148908,12.141054,12.135775,12.129478
12.582185361117894,12.468436909997665,12.540033,12.519267586256632,12.480996,12.486061,12.507857,12.506131,12.499176,12.544453,12.558059
12.59510455055515,12.468436909997665,12.631782,12.561766755193045,12.526694,12.5617,12.558027,12.566245,12.554056,12.562659,12.5516205
12.928673192576728,12.962194625251508,13.078293,12.989276257456634,13.023772,12.978315,12.973582,12.994862,12.973434,13.01226,12.985636
11.661700067728669,11.458997122944673,11.740136,11.885003745464,11.862524,11.846263,11.840417,11.837579,11.856761,11.9147415,11.923684
11.912333935507034,11.877568578558138,11.859084,11.838772205874225,11.8604145,11.853906,11.833113,11.8509245,11.838973,11.793521,11.789984
11.898941651449707,11.911701584927597,11.92535,11.885562218890142,11.909026,11.938137,11.898357,11.904152,11.903416,11.9084,11.902319
11.485805314747191,11.289781913656018,11.476484,11.387359643523167,11.459747,11.485213,11.409956,11.433849,11.423666,11.404909,11.4158
11.64187057338527,11.532728092266408,11.655852,11.616713773956562,11.628356,11.635021,11.604624,11.637454,11.617449,11.643481,11.659487
11.848343701470707,11.941944326032129,11.920744,11.939274105034446,11.941916,11.920359,11.943536,11.930004,11.943366,11.912974,11.916047
12.441099328438652,12.429216196844383,12.47248,12.370155061042745,12.353727,12.362233,12.355778,12.356345,12.348931,12.391079,12.381885
12.221399227117535,12.089538829274222,12.255956,12.194503325958905,12.2175665,12.244454,12.189478,12.227287,12.202291,12.110717,12.090386
11.908996522062681,11.891361900690473,11.87885,11.749022091743313,11.7461815,11.752112,11.730899,11.754819,11.738562,11.78445,11.804173
12.492233435289199,12.666657052859417,12.444566,12.470446408025511,12.439287,12.43926,12.453888,12.442778,12.444577,12.445395,12.433795
12.036315696217022,12.004568269319446,12.073853,12.137789424735159,12.137744,12.125157,12.094635,12.104678,12.125832,12.070661,12.057193
11.92206009602764,11.845102777308561,11.896224,11.964269845688886,11.985568,11.974209,12.009225,11.974545,11.9895525,11.991881,11.996199
11.983937859395963,11.813030057420567,12.059813,12.041111220178855,12.047332,12.037239,12.015777,12.040256,12.033412,12.016903,12.008179
11.928727335641181,11.863582336583399,11.92595,11.902085667583496,11.909267,11.925694,11.889566,11.931077,11.895113,11.922392,11.923184
11.797644410709243,11.923378114589433,11.707806,11.750215901990078,11.699502,11.702431,11.69972,11.705124,11.705973,11.723174,11.7438965
11.85119816377228,11.867798786962332,11.857183,11.829892905312285,11.858299,11.833323,11.7964115,11.849075,11.828185,11.816843,11.823351
12.751860569919423,12.560244459250788,12.748299,12.68423931922696,12.689075,12.66398,12.664549,12.6852865,12.673029,12.656342,12.628642
12.047434954975609,12.100156419938624,11.980819,12.067983826175729,12.053788,12.063224,12.046624,12.062241,12.051092,12.084287,12.086159
11.342736341979602,11.289781913656018,11.286643,11.241341325069504,11.304878,11.271154,11.249357,11.290346,11.282255,11.299004,11.318752
11.967493529147838,11.884489021402711,11.996874,12.133494086616924,12.16342,12.0858965,12.094136,12.145513,12.153397,12.133262,12.123794
12.089657144211152,12.289954129510877,12.138394,12.193549917121551,12.199945,12.187215,12.177452,12.173739,12.18614,12.179189,12.174423
12.202629314066815,12.283033686666302,12.121159,12.130165804807161,12.13241,12.130797,12.14433,12.143778,12.129392,12.133242,12.125699
11.65962578581842,11.695247021764184,11.641678,11.675565705352112,11.699391,11.726265,11.722003,11.711031,11.697197,11.799002,11.818782
12.274321794994023,12.371587084007746,12.31678,12.321171832713071,12.325618,12.350442,12.318718,12.323449,12.316935,12.3201885,12.307814
11.947406072079954,11.951180395901384,11.960677,11.975744835883141,12.011077,12.009796,11.995884,12.019392,12.00328,11.947963,11.939846
11.779675406950783,11.875830958659597,11.790881,11.810749174256445,11.819411,11.857838,11.811884,11.828978,11.812901,11.803076,11.801075
12.30810017616269,12.343466568968994,12.30259,12.222780703864888,12.210797,12.206901,12.208784,12.204486,12.200922,12.241802,12.236822
12.186574643486733,12.259613412458204,12.207198,12.251200600515153,12.217914,12.219794,12.232233,12.221831,12.239724,12.243769,12.230569
12.801956508123965,12.832011076396668,12.834494,12.745716402306956,12.660136,12.651868,12.671328,12.645017,12.669362,12.777697,12.774833
12.258024657875414,12.8790171187726,12.284439,12.301243381706369,12.308982,12.299883,12.301166,12.297983,12.30947,12.349896,12.343584
12.108558550529557,12.016726473799254,12.22587,12.240427402679142,12.203231,12.202118,12.226068,12.218012,12.220971,12.233612,12.232574
12.115843625508628,11.891361900690473,12.143728,12.145958754884603,12.161429,12.190646,12.1493225,12.157558,12.150469,12.109497,12.093977
12.387538738657586,12.3570755190667,12.389254,12.432444532239739,12.386782,12.380603,12.40744,12.4175,12.391245,12.408908,12.396162
12.436211836336,12.387085012375499,12.391879,12.366510678536283,12.3589325,12.348744,12.355942,12.338024,12.359434,12.377554,12.367418
12.201518936937465,12.095141084822892,12.180329,12.216993231132076,12.151565,12.180016,12.181197,12.188581,12.1702175,12.230638,12.22663
12.155856816047734,12.128111104060462,12.162857,12.131392388895742,12.127599,12.134809,12.116766,12.130749,12.119658,12.108144,12.097999
11.73865621115906,11.635143097694478,11.684383,11.689665511454349,11.699775,11.713021,11.679898,11.709272,11.694387,11.697136,11.70707
12.415419471682961,12.380025952653611,12.35067,12.262396337501226,12.275712,12.288947,12.275289,12.271342,12.266953,12.300776,12.296563
12.486048817320537,12.50539915757667,12.490064,12.507557683353609,12.497673,12.50122,12.497052,12.498428,12.503954,12.498732,12.478422
12.556504032078918,12.827729194939907,12.525497,12.614102747251168,12.552072,12.567002,12.572875,12.601837,12.577555,12.641962,12.630734
11.45288421169827,11.744037185933616,11.513066,11.54432833016498,11.556887,11.613129,11.540392,11.566092,11.537887,11.515465,11.53121
12.619276613178107,12.618182296357007,12.654535,12.671236524254022,12.636568,12.665765,12.6661625,12.675181,12.655712,12.685349,12.661726
12.348772065080437,12.367340793126296,12.253077,12.333209667595863,12.312505,12.304616,12.325542,12.325974,12.319723,12.3365755,12.33065
12.212143403621194,12.141534124392603,12.269346,12.236173300899756,12.269797,12.308984,12.251088,12.284598,12.257177,12.205301,12.182513
11.868028321225271,11.884489021402711,11.881839,11.843832033574799,11.841618,11.860877,11.822802,11.855889,11.832008,11.845099,11.848179
11.590394842110598,11.76718001130949,11.58401,11.523265636413454,11.545672,11.58565,11.531901,11.481701,11.53091,11.4271555,11.4466715
12.28583536138488,12.178187442040638,12.2852125,12.333943586566724,12.325018,12.332689,12.317955,12.324258,12.3268795,12.330252,12.316536
12.19267338600532,12.27134527214637,12.220042,12.32841117532328,12.352224,12.353561,12.34735,12.338503,12.350653,12.327628,12.3081255
12.689569989445358,12.765688433465597,12.678297,12.775430310767783,12.732203,12.72083,12.749124,12.761952,12.730374,12.811821,12.799581
12.209027543640497,12.4529327234617,12.343736,12.57678513434644,12.471182,12.467092,12.505703,12.494125,12.514745,12.386643,12.345966
11.871024453090127,11.70766954176274,11.790908,11.880255999586092,11.866569,11.86583,11.910074,11.781938,11.876169,11.823956,11.819106
11.38154141354418,11.198214720130528,11.322198,11.232444076028893,11.295181,11.243819,11.2290325,11.334905,11.2823925,11.24736,11.282797
12.11210266107574,11.984178313616395,12.151009,12.173387043911083,12.150105,12.163013,12.162439,12.16264,12.162906,12.189131,12.185718
11.631270105592508,11.669929213779893,11.669039,11.644876353317937,11.671382,11.690597,11.664816,11.688126,11.663363,11.637569,11.6538315
12.466043878151194,12.577636201962656,12.470552,12.386828847701867,12.377616,12.379874,12.367996,12.379983,12.378783,12.405992,12.4006
12.281405241372504,12.301382825334498,12.264501,12.238370968012957,12.218546,12.211258,12.206312,12.218944,12.213383,12.188992,12.177591
12.28228722273568,12.178187442040638,12.276803,12.272217646486979,12.278116,12.2916,12.273526,12.273815,12.270488,12.283243,12.271612
12.042271417961322,11.998433280751929,12.061516,12.18276494127235,12.184076,12.136641,12.164763,12.155746,12.188712,12.183716,12.181821
12.241844227928189,12.24288661865289,12.271119,12.260268154868012,12.274425,12.302381,12.27607,12.278608,12.271755,12.241726,12.227804
12.17861824829171,12.289954129510877,12.241245,12.28465702747862,12.250706,12.25579,12.274887,12.268969,12.264243,12.319138,12.319331
11.970752284373102,12.123234367221169,11.94891,11.916865463001551,11.938088,11.933183,11.940339,11.919644,11.929592,11.899622,11.903905
11.860988338853803,11.344506813345266,11.792446,11.85345674132886,11.883003,11.8914385,11.8656845,11.867082,11.870934,11.803629,11.8019
12.174874960434636,12.273731294003989,12.189227,12.200800921729689,12.203949,12.205537,12.198044,12.208946,12.199344,12.168629,12.151215
11.897550878766424,11.960811288962345,11.895904,11.906801927290804,11.888691,11.881043,11.914655,11.920539,11.896386,11.877455,11.882169
11.948221240188982,11.786762130599957,12.008437,11.869019044842268,11.911574,11.919464,11.893666,11.911289,11.892617,11.933398,11.944877
12.370397106151673,12.429216196844383,12.35665,12.328200853680567,12.295937,12.304064,12.302023,12.306957,12.287256,12.359637,12.358373
12.94430707324636,13.091904169919621,12.96941,12.997945743732249,12.989899,12.936972,12.974853,13.032345,12.976975,13.135719,13.1258745
11.804824036832143,11.870271183889114,11.754853,11.754912501243524,11.782292,11.772589,11.731081,11.759977,11.771329,11.680576,11.691805
11.714432596956476,11.801856756822442,11.748069,11.762647175283135,11.788369,11.809978,11.768589,11.7828665,11.773757,11.802703,11.812619
11.487977471411916,11.48246625748552,11.501505,11.55397752365473,11.575171,11.62585,11.565875,11.471349,11.555238,11.474788,11.476665
12.011050751439116,11.870599909242044,12.042761,12.026885560115293,12.02773,11.994251,12.041529,12.049285,12.035811,12.042897,12.046963
12.12845222355822,12.269047444691562,12.171202,12.065747386168173,12.021182,12.023241,12.051443,12.014401,12.032265,12.239169,12.282687
12.609841551722324,12.301382825334498,12.707519,12.671132489418357,12.63926,12.670253,12.644678,12.650267,12.653737,12.666541,12.646237
12.258969319043423,12.445089546000673,12.259762,12.20950887195197,12.22945,12.234542,12.222554,12.220032,12.225231,12.250947,12.242378
11.442042124006536,11.44571671527678,11.419982,11.403023918290753,11.440441,11.444847,11.418059,11.382742,11.42493,11.374191,11.391499
12.22832970628502,12.141534124392603,12.22423,12.191801782818114,12.148421,12.167504,12.165374,12.228618,12.151991,12.159401,12.154507
11.828898543231812,11.904967552746252,11.804495,11.846010870165532,11.84228,11.849091,11.836824,11.859048,11.842628,11.868593,11.878307
11.703112952605636,11.719939634354555,11.703252,11.714793463832308,11.737732,11.747927,11.705686,11.749609,11.721901,11.732176,11.742947
12.724846416923628,12.994530005894443,12.813901,12.770370627967155,12.757179,12.7666025,12.778515,12.785769,12.764181,12.7961855,12.784861
11.488499098254811,11.678439903447801,11.511838,11.53308711180253,11.539299,11.541408,11.519395,11.53483,11.530793,11.469908,11.475735
12.303656836173774,12.225875272826354,12.32284,12.34553885967012,12.329804,12.333632,12.3500595,12.341874,12.344884,12.3607435,12.345448
12.185321202299672,12.14950229404178,12.106298,12.149400308115183,12.117827,12.153629,12.152294,12.142961,12.135478,12.171469,12.166715
12.112883206331494,12.206072645530176,12.177649,12.248347748333112,12.202276,12.199086,12.223088,12.197755,12.213128,12.227591,12.219556
12.136753843950787,12.106992367829498,12.103629,12.112343046196829,12.123559,12.128228,12.114615,12.119707,12.111688,12.087934,12.074453
11.88527546058711,11.951180395901384,11.918835,11.91539054748446,11.932254,11.920701,11.930284,11.942919,11.931001,11.947379,11.950883
11.227682446519788,11.37366339763672,11.163803,11.124150153421837,11.161771,11.0300455,11.102064,11.198424,11.138911,11.120462,11.146412
11.922701659098703,11.951180395901384,11.865111,11.949535278739818,11.959622,11.923506,11.935348,11.94472,11.957275,11.917026,11.916805
12.323435762704593,12.422505731952896,12.346668,12.303327114442105,12.299899,12.312835,12.3086605,12.325193,12.303307,12.298048,12.283006
12.31805360322627,12.259613412458204,12.467638,12.457289828008262,12.44438,12.427938,12.43083,12.477705,12.447531,12.491499,12.481642
12.84907972164907,13.053013299269535,12.88516,12.926241279769993,12.911293,12.909644,12.910185,12.931247,12.909736,12.917673,12.88543
11.835729958982974,11.982616545377663,11.763777,11.76540333271376,11.780473,11.816254,11.756124,11.786085,11.765263,11.76619,11.765553
12.087983187115928,12.24288661865289,12.051073,12.064437725024582,12.048713,12.039221,12.011976,12.051829,12.0401125,11.977971,11.976922
11.708985427896872,11.715866308966918,11.604359,11.64694306649429,11.653018,11.654858,11.669817,11.595438,11.638751,11.587889,11.612048
11.405582947486582,11.314474526246391,11.412996,11.388277770743068,11.457205,11.437608,11.439134,11.433713,11.427007,11.409165,11.415086
12.14956560165961,12.206072645530176,12.15812,12.17071891859489,12.175862,12.168739,12.185535,12.182205,12.175599,12.159932,12.151525
11.861082466767607,11.813030057420567,11.973229,11.890321753326917,11.936754,11.9295845,11.899358,11.9154215,11.910951,11.897426,11.894444
11.805620798657491,11.77528972943772,11.607567,11.719668135835846,11.732834,11.7700615,11.784168,11.815905,11.716461,11.617043,11.6282425
12.195154639810143,12.077670930725649,12.182015,12.170985596184725,12.173763,12.176547,12.184903,12.180309,12.168993,12.214284,12.2105255
11.677348882563006,11.736069016284437,11.755409,11.700233816295926,11.739375,11.764265,11.716607,11.740824,11.718891,11.710386,11.714207
11.46446670184946,11.648365035864053,11.488886,11.41226619413968,11.437787,11.435576,11.340427,11.455459,11.417714,11.3495655,11.39463
11.965868195598953,11.918390573078392,11.944281,12.003343812214867,12.0183525,11.988687,11.965183,12.006804,12.001559,11.99274,11.985451
11.898665105585234,11.911701584927597,11.889152,11.839439867229924,11.882535,11.919082,11.861548,11.875805,11.865512,11.853219,11.845493
12.059866580697442,12.100712129872347,12.025484,12.140105570157214,12.144623,12.181523,12.145514,12.149263,12.150786,12.130235,12.107513
11.922842969587593,11.900905258737373,11.879498,11.848995070505167,11.877227,11.873297,11.841969,11.866949,11.851264,11.798887,11.793409
12.157836132572378,11.870599909242044,12.199626,12.112134281924252,12.115,12.120627,12.090527,12.149899,12.118666,12.15069,12.13697
12.352296828853987,12.535376392672774,12.197196,12.183133494117671,12.193757,12.18225,12.190107,12.21322,12.1902075,12.174471,12.166281
11.37423875531684,11.289781913656018,11.332082,11.299886358615383,11.361024,11.369619,11.308071,11.298664,11.336362,11.292837,11.306929
11.999564529526962,11.982929094215963,12.110753,11.9480897371034,11.952014,11.936855,11.95743,12.096541,11.9427185,12.037004,12.065497
12.01354801571468,11.917723684090689,12.057607,12.047568479814537,12.0667,12.070286,12.051209,12.065331,12.059281,12.04994,12.039857
11.431274930609245,11.350406535472453,11.507079,11.501119379775286,11.526163,11.443822,11.452302,11.521149,11.505303,11.539098,11.580279
11.50544786654123,11.48246625748552,11.426335,11.471664635295886,11.541112,11.511838,11.510175,11.536753,11.508236,11.510373,11.52685
11.984360139430972,12.097930486910471,11.988446,12.00504283183437,12.032729,12.023538,12.015539,12.016085,12.021362,11.990543,11.987241
11.775765663143344,11.652687407345388,11.865429,11.902503188977258,11.940399,11.935425,11.940221,11.945195,11.923955,11.94236,11.9563055
11.895764837239673,11.911701584927597,11.929848,11.898675734093326,11.922152,11.951016,11.915033,11.924527,11.922473,12.109831,12.124573
11.875168567553093,11.931635799828413,11.866879,11.907409874314403,11.88756,11.865937,11.880561,11.89174,11.892158,11.883639,11.890697
11.368982490543667,11.661345470088502,11.355139,11.331784739295676,11.32256,11.237626,11.297678,11.373386,11.313505,11.398853,11.441989
11.91691640923003,11.842229212112828,11.853029,11.828995576066223,11.854764,11.880696,11.866234,11.870686,11.840767,11.80105,11.798211
